Country Name,Country Code,Indicator Name,Indicator Code,Attribute,2010,2011,2012,2013,2014,2015,2016,2017,2018,2019,2020,2021,2022,Common Reference Period
Norway,142,"Consumer Price Index, All items, Percentage change, Previous year",PCPI_PC_CP_A_PT,Value,2.41890639481001,1.28495158809158,0.696864111498249,2.12048620353119,2.04170286707211,2.17113665389527,3.55000000000001,1.87510059552549,2.76483134528794,2.16773003305403,1.28658490707999,3.48388055266676,5.76412317852272,
Brazil,223,"Consumer Price Index, All items, Percentage change, Previous year",PCPI_PC_CP_A_PT,Value,5.03872690108065,6.63644962213087,5.40349914037008,6.204310666401,6.32904015516141,9.02990102416129,8.73914352329393,3.44637335032672,3.66485028376724,3.73297621216894,3.21176803803379,8.30165975585674,9.28010608956871,
Russian Federation,922,"Consumer Price Index, All items, Percentage change, Previous year",PCPI_PC_CP_A_PT,Value,6.8493923025503,8.44046485932559,5.07474300799149,6.75371026220953,7.82341183865503,15.5344050528404,7.04244762954795,3.68332944412231,2.87829723647888,4.47036660760174,3.38165937237896,6.69445891957619,,
Luxembourg,137,"Consumer Price Index, All items, Percentage change, Previous year",PCPI_PC_CP_A_PT,Value,2.27367911621543,3.4106834106834,2.66284165508018,1.73403963519166,0.6285439854407,0.47474316143779,0.290833333333325,1.73079959118896,1.52819524307372,1.74332075653844,0.81995730212701,2.52692009066168,6.33600807777923,
Liberia,668,"Consumer Price Index, All items, Percentage change, Previous year",PCPI_PC_CP_A_PT,Value,7.28992796890228,8.48816751849398,6.83178703418538,7.57730681741402,9.86111285574916,7.74869687621312,8.83424868336492,12.4196323907137,23.5635148953742,,,,,
Canada,156,"Consumer Price Index, All items, Percentage change, Previous year",PCPI_PC_CP_A_PT,Value,1.77687154092629,2.91213508872354,1.51567823124522,0.938291897815217,1.90663590717872,1.1252413609428,1.4287595470108,1.59688412852971,2.268225672481,1.94926902411595,0.716999632307856,3.39519318527533,6.80280115341611,
Lithuania,946,"Consumer Price Index, All items, Percentage change, Previous year",PCPI_PC_CP_A_PT,Value,1.31921362055463,4.13027562645087,3.08998277055416,1.04747937065349,0.103758009433716,-0.884097405500629,0.905525075460449,3.72288862303694,2.69792779208396,2.33450937988024,1.19989444983569,4.68354420903459,19.7050461518394,
France,132,"Consumer Price Index, All items, Percentage change, Previous year",PCPI_PC_CP_A_PT,Value,1.53112270420924,2.11159795174999,1.95419531613505,0.863715497861832,0.507758822937958,0.0375143805125383,0.183334861123832,1.03228275064675,1.85081508315495,1.1082549228829,0.476498852725094,1.64233141038391,5.22236748369724,
Cayman Islands,377,"Consumer Price Index, All items, Percentage change, Previous year",PCPI_PC_CP_A_PT,Value,0.276140861750094,1.32543575779668,1.18894845245605,2.16061146813395,1.27397911533384,-2.34752770165615,-0.625258358618096,,,,,,,
Latvia,941,"Consumer Price Index, All items, Percentage change, Previous year",PCPI_PC_CP_A_PT,Value,-1.08463595015158,4.3707355993922,2.25778924374594,-0.0294547782578807,0.620490636732363,0.174242243625218,0.140633334505299,2.93036312374665,2.53445424186601,2.81140920075623,0.21906490484204,3.27582937431157,17.3102830198815,
"Türkiye, Rep of",186,"Consumer Price Index, All items, Percentage change, Previous year",PCPI_PC_CP_A_PT,Value,8.56644420552976,6.47187967115098,8.89156996512163,7.49309030547698,8.85457271364318,7.6708536484588,7.77513415328334,11.1443110840764,16.3324638988929,15.1768215720023,12.2789574462574,19.5964926913323,72.3088359891207,
Colombia,233,"Consumer Price Index, All items, Percentage change, Previous year",PCPI_PC_CP_A_PT,Value,2.27200227892009,3.41503344776242,3.1693018884006,2.0169922431038,2.89883787761739,4.9898311584953,7.51346024627683,4.31431325695007,3.24056932930567,3.52301932741443,2.52663500084712,3.49505757399452,10.1772313546165,
Bulgaria,918,"Consumer Price Index, All items, Percentage change, Previous year",PCPI_PC_CP_A_PT,Value,2.43899060504117,4.21990346601875,2.95456829831017,0.890093540913035,-1.41818380264843,-0.104633261008411,-0.798649886453611,2.06159619443137,2.81454473824832,3.10372944796775,1.67244096855761,3.2977443529951,15.3252589264367,
Côte d'Ivoire,662,"Consumer Price Index, All items, Percentage change, Previous year",PCPI_PC_CP_A_PT,Value,1.22645612135479,4.91243395052461,1.30451119915595,2.5811703725294,0.448682076766145,1.25149954781473,0.72317845751326,0.685881065304639,0.359409031380661,-1.10686343994201,2.42500656821829,4.09195189692858,5.2761672426284,
Switzerland,146,"Consumer Price Index, All items, Percentage change, Previous year",PCPI_PC_CP_A_PT,Value,0.688238707220011,0.231349207650896,-0.692552018105231,-0.217323155115651,-0.0132025387515927,-1.14390867228178,-0.434618664285843,0.533787839825894,0.936335464113589,0.362886179940633,-0.725874933313383,0.581814168489877,2.83502798644453,
Germany,134,"Consumer Price Index, All items, Percentage change, Previous year",PCPI_PC_CP_A_PT,Value,1.10380916115812,2.07517452479837,2.00849092167009,1.5047209800535,0.906797948515687,0.514420539517811,0.491748624770789,1.50949655801609,1.73216766075661,1.44566701469761,0.506689889953274,3.14296967309965,7.90438368718497,
United States,111,"Consumer Price Index, All items, Percentage change, Previous year",PCPI_PC_CP_A_PT,Value,1.64004344238989,3.15684156862206,2.06933726526059,1.46483265562714,1.62222297740823,0.118627135552435,1.26158320570536,2.13011000365962,2.4425832969282,1.81221007526012,1.23358439630639,4.69785886363739,8.00279982052116,
Hungary,944,"Consumer Price Index, All items, Percentage change, Previous year",PCPI_PC_CP_A_PT,Value,4.85555795691951,3.92992098935075,5.65214517088651,1.73319984983106,-0.227566270988378,-0.0616446800641175,0.394769306686404,2.3482428115016,2.85024792594641,3.3385863538201,3.3267438576673,5.11096534382859,14.6081439492433,
Mexico,273,"Consumer Price Index, All items, Percentage change, Previous year",PCPI_PC_CP_A_PT,Value,4.15672722680177,3.40737824605737,4.11150981070292,3.80639069747207,4.01861608078674,2.7206406496403,2.82170784747653,6.04145724018993,4.89935015356549,3.63596142127049,3.39683415569999,5.68920847683764,7.89627619168544,
Iceland,176,"Consumer Price Index, All items, Percentage change, Previous year",PCPI_PC_CP_A_PT,Value,5.39673113167483,4.00102664343116,5.18589988750706,3.87227923748239,2.04461481539336,1.63305558181334,1.69692761997739,1.76041559180607,2.68291768267387,3.01397179156055,2.84792401518658,4.44423970189747,8.3087551155892,
Australia,193,"Consumer Price Index, All items, Percentage change, Previous year",PCPI_PC_CP_A_PT,Value,2.91834002677376,3.30385015608742,1.76278015613196,2.44988864142538,2.48792270531403,1.5083667216592,1.2769909449733,1.94864740944521,1.91140094445694,1.61076787290377,0.846905537459291,2.86391042204996,,
Finland,172,"Consumer Price Index, All items, Percentage change, Previous year",PCPI_PC_CP_A_PT,Value,1.1841352315465,3.41680754255211,2.80833622561574,1.47828615688805,1.04119621178438,-0.20792883990523,0.3566845008917,0.754015047084414,1.083820984093,1.0240939296343,0.290554555653301,2.19457432339995,7.12350773301414,
"Mauritania, Islamic Rep. of",682,"Consumer Price Index, All items, Percentage change, Previous year",PCPI_PC_CP_A_PT,Value,,5.68631959575962,4.90242727217991,4.12910173783394,3.53436856147326,3.23770308329082,1.48600676958639,2.27503457252095,3.04891482875157,2.30009262117938,2.38569488456317,3.56516484650188,,
Mali,678,"Consumer Price Index, All items, Percentage change, Previous year",PCPI_PC_CP_A_PT,Value,,2.95564395229392,5.32312847064057,-0.606736356351483,0.883814547137825,1.45069057605956,-1.79964707083375,1.75985742927154,0.299546507387885,-1.65826694846368,0.43808894032071,3.92560283104272,,
"Comoros, Union of the",632,"Consumer Price Index, All items, Percentage change, Previous year",PCPI_PC_CP_A_PT,Value,,1.84266300756185,6.31474450315182,-4.29487331536753,,,,,,,,,,
"Slovenia, Rep. of",961,"Consumer Price Index, All items, Percentage change, Previous year",PCPI_PC_CP_A_PT,Value,1.80117022137136,1.80285171941908,2.59741386039009,1.76920085881895,0.19934382657086,-0.525552285820839,-0.0549995416704929,1.42910743319297,1.73860861988179,1.63052260754338,-0.0548568157605925,1.91706506089266,8.83369886749451,
Gabon,646,"Consumer Price Index, All items, Percentage change, Previous year",PCPI_PC_CP_A_PT,Value,,1.26331707837419,2.6524182869562,0.505441058915698,4.69045751826283,-0.33879518875336,2.10670712784049,2.65192583143898,4.74906652083221,2.46456756151188,1.35276110675339,1.08690746519407,,
Kuwait,443,"Consumer Price Index, All items, Percentage change, Previous year",PCPI_PC_CP_A_PT,Value,,4.83940349870951,3.25514600287218,2.68229684085039,2.90892672858617,3.27170166092134,3.19839776658372,2.17183298510006,0.543133148199599,1.09184802655847,2.10172954827411,3.42362947609176,,
Honduras,268,"Consumer Price Index, All items, Percentage change, Previous year",PCPI_PC_CP_A_PT,Value,4.69889064976228,6.76227957314765,5.19618615531847,5.1618989858149,6.12924930313028,3.15783117980921,2.7246122329529,3.93436084442036,4.34734937777535,4.36587159819271,3.46841177951169,4.48087963413448,9.08963911525028,
Spain,184,"Consumer Price Index, All items, Percentage change, Previous year",PCPI_PC_CP_A_PT,Value,1.79986457728766,3.19610188833787,2.44612782366813,1.4085810918301,-0.151114837527175,-0.500365709903287,-0.202598000426414,1.95607633363963,1.67498136863795,0.699518994458694,-0.322753017299709,3.09313511976407,8.39057634118639,
Chile,228,"Consumer Price Index, All items, Percentage change, Previous year",PCPI_PC_CP_A_PT,Value,1.41071107954318,3.34121694259299,3.00744840213049,1.78955553984588,4.7186752785467,4.34877353217051,3.78619355893114,2.18271846868522,2.43488981353058,2.55754475703325,3.0454908480433,4.52456838259136,11.6438667110559,
Sweden,144,"Consumer Price Index, All items, Percentage change, Previous year",PCPI_PC_CP_A_PT,Value,1.15798802715629,2.96115073822138,0.888377506923702,-0.0442929701486378,-0.17963849411465,-0.0467847449832783,0.984269244578003,1.79449904665594,1.95353530127028,1.78415097403834,0.49736731885356,2.16319736447148,8.36929098869186,
Greece,174,"Consumer Price Index, All items, Percentage change, Previous year",PCPI_PC_CP_A_PT,Value,4.71298907760393,3.3298532335065,1.50152696177748,-0.921269454256891,-1.31226096405516,-1.73588804765279,-0.825653978391,1.12125452031426,0.625621413453594,0.253007522038118,-1.24798355581407,1.22382501019855,9.64525981280642,
Saudi Arabia,456,"Consumer Price Index, All items, Percentage change, Previous year",PCPI_PC_CP_A_PT,Value,5.33941680637452,5.82621608838853,2.86626887489922,3.53252470694923,2.23629031536968,1.20607322150116,2.06884036053476,-0.838194579675054,2.45814158007533,-2.09333333333333,3.44545825956691,3.06328988941549,2.47407371925372,
United Kingdom,112,"Consumer Price Index, All items, Percentage change, Previous year",PCPI_PC_CP_A_PT,Value,2.49265472467064,3.8561124468282,2.57323479654529,2.29166666666665,1.45112016293279,0.36804684232538,1.00841736811402,2.55775577557755,2.29283990345939,1.73810460086511,0.989486703772428,2.51837109614205,7.92204883147915,
Indonesia,536,"Consumer Price Index, All items, Percentage change, Previous year",PCPI_PC_CP_A_PT,Value,5.1342040076793,5.35604778982152,4.27949999641974,6.41251330156415,6.39492540819922,6.36312113115612,3.52580515687931,3.80879806953162,3.19834641562404,3.03058664969489,1.92096800566847,1.56012990525684,,
Czech Rep.,935,"Consumer Price Index, All items, Percentage change, Previous year",PCPI_PC_CP_A_PT,Value,1.4727272727273,1.91721913635547,3.28762306610409,1.43829787234042,0.343988589646784,0.309364548494973,0.683504209385684,2.45053398460138,2.14949494949494,2.84787595918046,3.16129528497809,3.83984491500148,15.1001651468371,
Denmark,128,"Consumer Price Index, All items, Percentage change, Previous year",PCPI_PC_CP_A_PT,Value,2.31092436974788,2.75868226051246,2.39791485664639,0.78907178007805,0.564020540449537,0.452034153691615,0.249999999999986,1.14713216957608,0.813609467455624,0.758131572511608,0.420711974110036,1.85304543989688,7.69656699889258,
Belgium,124,"Consumer Price Index, All items, Percentage change, Previous year",PCPI_PC_CP_A_PT,Value,2.18929920422459,3.53208210722743,2.83966343445898,1.11309594027538,0.340002833356948,0.561429152790119,1.97385264653171,2.12597086002609,2.05316499865181,1.43681956996435,0.740791812220376,2.44024851144081,9.59751172872498,
New Zealand,196,"Consumer Price Index, All items, Percentage change, Previous year",PCPI_PC_CP_A_PT,Value,2.30202385958575,4.0279066739204,1.05991318445632,1.13442266445813,1.22750750597406,0.292704628136089,0.646240284454491,1.85078767452533,1.59829703801697,1.6196319018405,1.71456170007245,3.94112060778727,7.17222476016445,
Israel,436,"Consumer Price Index, All items, Percentage change, Previous year",PCPI_PC_CP_A_PT,Value,2.71664057463854,3.47857270934194,1.68948189221972,1.57621197921105,0.486495554437162,-0.634390651085134,-0.546034946236578,0.244953121040651,0.817323896191429,0.844128708733823,-0.588430300016591,1.49228845352231,4.39461146706093,
Japan,158,"Consumer Price Index, All items, Percentage change, Previous year",PCPI_PC_CP_A_PT,Value,-0.72824320751775,-0.272455616101255,-0.044064510443309,0.335037912184811,2.75922671353252,0.795279630579776,-0.127258844489678,0.484199796126396,0.989094598021791,0.468776159383896,-0.0249958340276393,-0.233352779398284,2.4977027817225,
South Africa,199,"Consumer Price Index, All items, Percentage change, Previous year",PCPI_PC_CP_A_PT,Value,4.08972989470472,4.99926696965253,5.72465791678303,5.78446909667192,6.12983770287144,4.54064227737913,6.57139642173961,5.1842466476613,4.51716522786587,4.12024587014983,3.21003597454108,4.61167217803199,7.03972661255874,
"Estonia, Rep. of",939,"Consumer Price Index, All items, Percentage change, Previous year",PCPI_PC_CP_A_PT,Value,2.97204512015695,4.9819013145361,3.93339987296978,2.78056658954996,-0.106175146521707,-0.492326006547342,0.148684907627361,3.41723549488055,3.43632688420446,2.27725931243517,-0.444531097679854,4.65316673847481,19.3982634080617,
"China, P.R.: Hong Kong",532,"Consumer Price Index, All items, Percentage change, Previous year",PCPI_PC_CP_A_PT,Value,2.29289088604678,5.30524892993917,4.0539095090384,4.33799342105263,4.42364532019705,2.99084819322577,2.40930743862222,1.49387243939528,2.40613432046537,2.88320853773991,0.25096202108081,1.56875834445926,1.88136707196845,
"Bahrain, Kingdom of",419,"Consumer Price Index, All items, Percentage change, Previous year",PCPI_PC_CP_A_PT,Value,,-0.400040697488063,2.75739669962976,3.30001156888439,2.64755321246193,1.8486274237498,2.78679347602047,1.38671830576398,2.08766938046982,1.00582004702132,-2.31770629331373,-0.606319385140907,,
"Lesotho, Kingdom of",666,"Consumer Price Index, All items, Percentage change, Previous year",PCPI_PC_CP_A_PT,Value,3.46152586635755,5.03663052101557,6.05143662139977,4.86511899496378,5.37028961008587,3.21844513655931,6.59650490696544,4.44769937376299,4.75180301624741,5.18708359197993,4.97809676252292,6.04774591950681,8.27180389943034,
"Netherlands, The",138,"Consumer Price Index, All items, Percentage change, Previous year",PCPI_PC_CP_A_PT,Value,1.27530569556686,2.34107017751371,2.45554765291608,2.50689852657884,0.976035079699663,0.600248147278775,0.316666666666663,1.3814587140721,1.70349794744475,2.63369910249593,1.2724603778917,2.67572008805382,10.0012078753473,
"Korea, Rep. of",542,"Consumer Price Index, All items, Percentage change, Previous year",PCPI_PC_CP_A_PT,Value,2.93928652655685,4.02596500436097,2.18707104433314,1.3013475454741,1.27477446401324,0.706331772455733,0.971685739912178,1.94433230786366,1.47583935002643,0.383000303608065,0.537288023411789,2.49833333333333,5.08788760792859,
Ireland,178,"Consumer Price Index, All items, Percentage change, Previous year",PCPI_PC_CP_A_PT,Value,-0.922095829024473,2.55718883186919,1.69620897294546,0.508714869485454,0.182542316627935,-0.289879079012745,0.00830633773569894,0.340531561461796,0.488370168032441,0.939044481054354,-0.334584625428433,2.3581429624171,7.80737540996721,
Slovak Rep.,936,"Consumer Price Index, All items, Percentage change, Previous year",PCPI_PC_CP_A_PT,Value,0.95701813297514,3.91928599146295,3.60610263522884,1.40047368963032,-0.0761653295419925,-0.325219777427731,-0.520010196278338,1.31194588223235,2.51403712883807,2.66456133425443,1.9369412669422,3.14960629921261,12.774146363761,
Portugal,182,"Consumer Price Index, All items, Percentage change, Previous year",PCPI_PC_CP_A_PT,Value,1.4025728989537,3.65301100430728,2.7733385405158,0.274416666666681,-0.278153367467435,0.487938623904753,0.607397074641652,1.36861411643483,0.993715683468226,0.338178410046148,-0.0124383299576134,1.26565719069048,7.83269124233316,
Qatar,453,"Consumer Price Index, All items, Percentage change, Previous year",PCPI_PC_CP_A_PT,Value,,1.13836623529203,2.3153485343166,3.22197756829287,3.34972085659527,1.81407723937757,2.67659170098195,0.39487891408299,0.255815382724386,-0.666641124861119,-2.54031503004763,2.30446565742003,4.99527553740764,
"Palau, Rep. of",565,"Consumer Price Index, All items, Percentage change, Previous year",PCPI_PC_CP_A_PT,Value,1.4421901735517,4.67469879518072,3.61418047882137,3.35481004221283,4.19174548581255,0.949040643697146,-1.04230533415084,1.41798819666922,2.10970464135021,0.267379679144391,0.218181818181813,2.61248185776489,,
Burundi,618,"Consumer Price Index, All items, Percentage change, Previous year",PCPI_PC_CP_A_PT,Value,6.49326591473996,9.59216605979671,18.1610453065451,7.93795807492415,4.40535234185288,5.54468891259786,5.55768961400966,16.0525353030392,-2.8146980766847,-0.686772170797239,7.32110643415514,8.4045384507634,,
"Equatorial Guinea, Rep. of",642,"Consumer Price Index, All items, Percentage change, Previous year",PCPI_PC_CP_A_PT,Value,,4.80538922155687,3.6566204827882,2.94887694639658,4.30999866149112,1.67663085315986,1.41193915479014,0.74559921849751,1.34988438751675,1.2386986020511,4.76970498098298,,,
Kiribati,826,"Consumer Price Index, All items, Percentage change, Previous year",PCPI_PC_CP_A_PT,Value,-3.89955040651655,1.49740979875966,-3.04586292775567,-1.48805908468102,2.10398520925043,0.572015743634264,1.91731090233376,0.355520888546847,0.564030491493455,-1.81307995302947,,,,
Rwanda,714,"Consumer Price Index, All items, Percentage change, Previous year",PCPI_PC_CP_A_PT,Value,-0.246128693436927,3.0801706924026,10.2710182318876,5.92426867984847,2.35449052820364,2.52850284192421,7.17434301982013,8.27953672260827,-0.31121016039066,3.34787655037641,9.85039902274209,-0.391346748300805,,
Senegal,722,"Consumer Price Index, All items, Percentage change, Previous year",PCPI_PC_CP_A_PT,Value,1.22868119673344,3.40322829786968,1.41822871177847,0.710245486695229,-1.09025507446893,0.135211933635219,0.837284942557413,1.31815314847785,0.460985642464253,1.7585651759566,2.54743464570551,,,
Bhutan,514,"Consumer Price Index, All items, Percentage change, Previous year",PCPI_PC_CP_A_PT,Value,,,,,8.27106093949328,4.54814395082202,3.21988689395718,4.9550836698513,2.72396386183717,2.72643037388824,5.62936522632515,7.3468144053353,,
"South Sudan, Rep. of",733,"Consumer Price Index, All items, Percentage change, Previous year",PCPI_PC_CP_A_PT,Value,1.16962180301103,46.8521757193597,45.5258978371706,-0.0580909784225333,1.67429906295519,52.7663304192143,379.999585624026,187.851630279442,83.5015294921999,87.2413641500032,29.6758435538571,10.5167158294359,,
"China, P.R.: Macao",546,"Consumer Price Index, All items, Percentage change, Previous year",PCPI_PC_CP_A_PT,Value,2.80947242060847,5.8062461669104,6.10738928336547,5.50057779178487,6.04823452094079,4.56056338028169,2.36895749705903,1.22812404052807,3.00446293166948,2.75193081051977,0.811410511491573,0.0264543647054865,,
Mauritius,684,"Consumer Price Index, All items, Percentage change, Previous year",PCPI_PC_CP_A_PT,Value,2.93236301369863,6.52249254869339,3.85216033315979,3.54329573934837,3.21769191994683,1.28654970760234,0.977675134719019,3.66699702675916,3.21605383144581,0.40565519030952,2.58080077182828,4.02852888157379,10.7737512242899,
Zimbabwe,698,"Consumer Price Index, All items, Percentage change, Previous year",PCPI_PC_CP_A_PT,Value,3.02267002518892,3.46612972817489,3.72532666110647,1.63495041543822,-0.197784810126582,-2.43096842383406,-1.54366960054163,0.893962316050058,10.6188658669575,255.304990757856,557.20181736205,98.5461050920624,,
West Bank and Gaza,487,"Consumer Price Index, All items, Percentage change, Previous year",PCPI_PC_CP_A_PT,Value,3.74915727597098,2.87724358495941,2.77908768282492,1.72439933626924,1.73298510037452,1.4316114581047,-0.219106604907299,0.212570934228838,-0.195107773730696,1.58018333639461,-0.735332001092249,1.23748102831381,,
Singapore,576,"Consumer Price Index, All items, Percentage change, Previous year",PCPI_PC_CP_A_PT,Value,2.82366134885609,5.24779339840481,4.57560270376522,2.35860415399835,1.02514803039394,-0.522618167075314,-0.532268739716299,0.576260310166378,0.438620118446797,0.565260568780353,-0.181916666666666,2.30485959040487,6.12106004039415,
Kenya,664,"Consumer Price Index, All items, Percentage change, Previous year",PCPI_PC_CP_A_PT,Value,,14.0224939638475,9.37776748155124,5.71749357037732,6.87815499275946,6.58217440250398,6.29715752456273,8.00572279134671,4.68981976129855,5.23585999425423,5.40481467184518,6.11090916378166,,
Nepal,558,"Consumer Price Index, All items, Percentage change, Previous year",PCPI_PC_CP_A_PT,Value,9.32650410745394,9.22707546125953,9.45980980357128,9.04016311917648,8.36415469659554,7.86890895590907,8.79034332004627,3.62709610696609,4.06116338751071,5.56868547784925,5.05236655289215,4.08791045882441,,
Bolivia,218,"Consumer Price Index, All items, Percentage change, Previous year",PCPI_PC_CP_A_PT,Value,2.50327605844241,9.88446419823888,4.51560291399368,5.73640023719611,5.7666007457914,4.05961041135648,3.62321431764138,2.8227580554717,2.27205987230149,1.8395450496903,0.940742153381826,0.737383721452317,1.74632872945972,
Mongolia,948,"Consumer Price Index, All items, Percentage change, Previous year",PCPI_PC_CP_A_PT,Value,10.0462065881651,8.41121495327103,14.3303348325837,10.4906567588242,12.253980812976,5.73568281938326,0.733272227314396,4.3014310530234,6.82424790145524,7.30106953550724,3.79604026111248,7.35281243380224,,
Jordan,439,"Consumer Price Index, All items, Percentage change, Previous year",PCPI_PC_CP_A_PT,Value,4.84551875852119,4.16244162927781,4.51522956670999,4.82462314269541,2.89947905006047,-0.876851359704011,-0.77843046305413,3.32389447576097,4.46231108475486,0.761514047265507,0.333294350628431,1.34609377243117,4.22915568897118,
British Virgin Islands,371,"Consumer Price Index, All items, Percentage change, Previous year",PCPI_PC_CP_A_PT,Value,,,,,,,1.05627873018909,,,,,,,
Tonga,866,"Consumer Price Index, All items, Percentage change, Previous year",PCPI_PC_CP_A_PT,Value,3.53491239189832,6.27075302995688,1.14753853706054,0.775629322367459,2.51087633253702,-1.05399831971282,2.57815515245081,7.51706283551118,5.03209691984876,1.17954334821805,-0.349737696727463,5.64051140636751,,
Grenada,328,"Consumer Price Index, All items, Percentage change, Previous year",PCPI_PC_CP_A_PT,Value,3.43650905943354,3.03347280334728,2.41077704021866,-0.0439997864828168,-0.983603055554931,-0.515448031435387,1.65038994431579,0.908458255874197,0.804102313277037,0.598149764736019,-0.740732597045495,1.21951193916844,,
"North Macedonia, Republic of",962,"Consumer Price Index, All items, Percentage change, Previous year",PCPI_PC_CP_A_PT,Value,1.50997522027615,3.90475422069738,3.31605566687646,2.78500056726116,-0.281705032928538,-0.299920475631447,-0.239290787684503,1.35161889677439,1.45831298507127,0.7664395734597,1.20007348888481,3.2307491213292,,
"Serbia, Rep. of",942,"Consumer Price Index, All items, Percentage change, Previous year",PCPI_PC_CP_A_PT,Value,6.14255360247247,11.1373976342129,7.33038589596637,7.69426362896665,2.0824479388015,1.39235822000186,1.12231397417766,3.13106248590118,1.95984076293803,1.8492298451109,1.5755329008341,4.08510285335105,11.9815117344702,
St. Lucia,362,"Consumer Price Index, All items, Percentage change, Previous year",PCPI_PC_CP_A_PT,Value,3.25034409180125,2.76940794144095,4.17763587102517,1.46856511035428,3.5169555136924,-0.983600952697019,-3.07821765676926,0.104262078958408,1.93561893150608,0.53908755919174,-1.75580833517596,2.41070312174384,,
"Mozambique, Rep. of",688,"Consumer Price Index, All items, Percentage change, Previous year",PCPI_PC_CP_A_PT,Value,12.4255421735156,11.1666056127874,2.60245456956622,4.26135250941965,2.55974875844296,3.55075967356746,17.4180418197597,15.1132073899384,3.91133439990734,2.78110631182943,3.14169129409215,5.68848699126618,,
Papua New Guinea,853,"Consumer Price Index, All items, Percentage change, Previous year",PCPI_PC_CP_A_PT,Value,,4.44083401028976,4.53720508166968,4.96031746031746,5.22211720226844,5.99595778127105,6.67372881355932,5.42204568023832,4.37448921453167,3.92867290939598,4.87167398565548,4.48359014042394,,
Solomon Islands,813,"Consumer Price Index, All items, Percentage change, Previous year",PCPI_PC_CP_A_PT,Value,,,,,,-0.574469286359535,0.512485626268799,0.488686760260994,3.46147484973745,1.63485544012241,2.96354992076069,-0.115437894412793,,
Ukraine,926,"Consumer Price Index, All items, Percentage change, Previous year",PCPI_PC_CP_A_PT,Value,9.37293105078976,7.95572466274646,0.568727971803897,-0.2389486260454,12.0718562874251,48.6998646434423,13.9127101997796,14.4383227488749,10.9518559353179,7.88671745611131,2.73249209419421,9.36313917695228,20.1836366617479,
Panama,283,"Consumer Price Index, All items, Percentage change, Previous year",PCPI_PC_CP_A_PT,Value,3.49128867487524,5.87580249989755,5.69819940307864,4.02716053442986,2.62668365353325,0.136399710403455,0.739734025300016,0.875585918759904,0.761578359399942,-0.355083821021217,-1.55027540803759,1.63070337301892,2.85748282185325,
Guadeloupe,329,"Consumer Price Index, All items, Percentage change, Previous year",PCPI_PC_CP_A_PT,Value,,2.57489849893412,1.87903142354525,0.913299983917801,0.353122745801943,0.299223523315195,-0.0941658819509976,,,,,,,
"Congo, Dem. Rep. of the",636,"Consumer Price Index, All items, Percentage change, Previous year",PCPI_PC_CP_A_PT,Value,,,,0.808223101487066,1.24303889760764,0.744198994781517,2.88585107290007,,,,,,,
New Caledonia,839,"Consumer Price Index, All items, Percentage change, Previous year",PCPI_PC_CP_A_PT,Value,,2.42899693753408,1.74967234600262,1.27761318992723,0.1788510607855,0.57050814104803,0.578317435521155,,,,,,,
Brunei Darussalam,516,"Consumer Price Index, All items, Percentage change, Previous year",PCPI_PC_CP_A_PT,Value,,0.137911563169607,0.111766261400246,0.389205053123631,-0.207108731719871,-0.488347420743493,-0.278693265753069,-1.26050564628963,1.02505179290213,-0.39052206916549,1.94031996607177,1.73341388450597,,
Seychelles,718,"Consumer Price Index, All items, Percentage change, Previous year",PCPI_PC_CP_A_PT,Value,-2.40463875108223,2.5592677223095,7.11037062326403,4.33893848329104,1.38583454581263,4.04194410725622,-1.01548191697645,2.85679575568451,3.70291839111564,2.07476436485002,8.27685811437226,,,
Cabo Verde,624,"Consumer Price Index, All items, Percentage change, Previous year",PCPI_PC_CP_A_PT,Value,2.07866470906422,4.47388342165027,2.54039644167111,1.50654285701401,-0.238778144990613,0.131187999024479,-1.40781637091702,0.784415251101352,1.25699566690507,1.10666674296061,0.605795808395497,1.86215297494638,,
Togo,742,"Consumer Price Index, All items, Percentage change, Previous year",PCPI_PC_CP_A_PT,Value,1.44594517430866,3.56351472903955,2.57718174055852,1.82539475909161,0.190875076249797,2.5839052698704,1.28524660824512,-0.980289495517426,0.928170503538601,0.685897590895544,1.82754038520035,,,
Botswana,616,"Consumer Price Index, All items, Percentage change, Previous year",PCPI_PC_CP_A_PT,Value,,8.45987233408587,7.53690261091916,5.88460707056811,4.40225309243431,3.06203169580561,2.81495791361943,3.30828076768219,3.2380155894771,2.7728644286333,1.89035916824197,7.2409776558845,11.5882883538839,
Lebanon,446,"Consumer Price Index, All items, Percentage change, Previous year",PCPI_PC_CP_A_PT,Value,3.98347941855833,4.9714857169238,6.58147447683684,4.82101956297392,1.85460421340916,-3.74914524799635,-0.783359624361532,4.32135218303196,6.07698907889605,3.00538949390381,84.8643330472041,154.756096023393,,
Sierra Leone,724,"Consumer Price Index, All items, Percentage change, Previous year",PCPI_PC_CP_A_PT,Value,7.18566275668153,6.79138291952623,6.58776239392583,5.52412877994273,4.63931171409664,6.68943562498681,10.8860609413903,18.2215094003386,16.0295447693699,14.804999090602,13.4468711101052,11.8739588840234,,
"Bahamas, The",313,"Consumer Price Index, All items, Percentage change, Previous year",PCPI_PC_CP_A_PT,Value,,3.19878141660321,1.97336755976255,0.722414784530544,1.51375643050827,1.86148302863372,-0.346376929989385,1.51820700736152,2.26586346678726,2.49123527368055,0.0385210980053819,2.90491262928478,,
Cameroon,622,"Consumer Price Index, All items, Percentage change, Previous year",PCPI_PC_CP_A_PT,Value,,2.93969946305095,2.74253407543985,2.05908683974933,1.83413078149919,2.68598277212218,0.861740257759472,0.642673521850895,1.0742994515814,2.45280214062734,2.43760882182241,2.27185762503632,,
Barbados,316,"Consumer Price Index, All items, Percentage change, Previous year",PCPI_PC_CP_A_PT,Value,,9.43220240177217,4.53334753888771,1.81410436049101,1.76950322089727,-1.11278992510961,1.28192813061893,4.66018463955999,3.67381410406796,4.10028964518464,,,,
Bangladesh,513,"Consumer Price Index, All items, Percentage change, Previous year",PCPI_PC_CP_A_PT,Value,,11.3951651552399,6.21750422069284,7.5304064091317,6.99163889220854,6.19428022984987,5.5135257269299,5.70207015717245,5.54362139486471,5.59199639930633,5.69107474746208,5.54565430773475,7.69695437176893,
Djibouti,611,"Consumer Price Index, All items, Percentage change, Previous year",PCPI_PC_CP_A_PT,Value,,5.06871394777983,3.73120950756888,2.70603242872187,1.34186494340155,-0.847389733972001,2.73841208738761,0.568112117084679,0.147970849877128,3.31925372703833,1.77740783806175,,,
"Venezuela, Rep. Bolivariana de",299,"Consumer Price Index, All items, Percentage change, Previous year",PCPI_PC_CP_A_PT,Value,,26.0902123160955,21.0689956331878,40.6394275161588,62.168649979483,121.738085297504,254.948534781815,,,,,,,
Peru,293,"Consumer Price Index, All items, Percentage change, Previous year",PCPI_PC_CP_A_PT,Value,,3.36931095333853,3.61121294940175,2.76789666081994,3.41194579807469,3.39809194746299,3.55717663556282,2.99490045809445,1.50915423024742,2.25212191358024,2.00241205759293,4.27166381536796,8.33370630096234,
Burkina Faso,748,"Consumer Price Index, All items, Percentage change, Previous year",PCPI_PC_CP_A_PT,Value,,2.7597672485453,3.81815240252386,0.53373850709054,-0.258089517535368,0.724838981070611,0.441041448058766,1.48299897161325,1.95594302672533,-3.23338933983323,1.88443993781986,3.65353287214208,14.2894635275955,
"San Marino, Rep. of",135,"Consumer Price Index, All items, Percentage change, Previous year",PCPI_PC_CP_A_PT,Value,,2.89979584300121,2.82733224222587,1.6043929807807,1.11296303373859,0.145686073241015,0.573948019801986,1.04597683468951,,,,,,
"Yemen, Rep. of",474,"Consumer Price Index, All items, Percentage change, Previous year",PCPI_PC_CP_A_PT,Value,,19.5435617131149,9.88538714484848,10.9684421500194,8.10472583623949,,,,,,,,,
"Timor-Leste, Dem. Rep. of",537,"Consumer Price Index, All items, Percentage change, Previous year",PCPI_PC_CP_A_PT,Value,,13.4998402385771,11.8003096701544,10.9872344156475,0.848838206293409,0.646148614181268,-1.46984287886468,0.522976680384095,2.29424307036245,0.958812739703195,,,,
Syrian Arab Rep.,463,"Consumer Price Index, All items, Percentage change, Previous year",PCPI_PC_CP_A_PT,Value,,4.75316388885631,36.7022953364139,,,,,,,,,,,
Sri Lanka,524,"Consumer Price Index, All items, Percentage change, Previous year",PCPI_PC_CP_A_PT,Value,,6.71676843588539,7.54291373239436,6.90845034828444,3.17900228236063,3.76836783062093,3.95888846593073,7.70413767850604,2.13503773713197,3.52839358231809,6.15394508391743,7.01478071238186,,
Philippines,566,"Consumer Price Index, All items, Percentage change, Previous year",PCPI_PC_CP_A_PT,Value,,4.71841704718416,3.02696391124798,2.58268766141797,3.59782343864209,0.674192536845399,1.25369880080986,2.85318772590939,5.30934661627713,2.39206534422404,2.3931623931624,3.92718022100327,,
"Sint Maarten, Kingdom of the Netherlands",352,"Consumer Price Index, All items, Percentage change, Previous year",PCPI_PC_CP_A_PT,Value,,4.58475435650402,4.01518421081601,2.52864788538366,1.88675466275219,0.330027165141348,0.111682655737263,2.19201010963042,,,,,,
Myanmar,518,"Consumer Price Index, All items, Percentage change, Previous year",PCPI_PC_CP_A_PT,Value,,5.02146014620726,1.46758322674677,5.64303883425512,4.95329918484384,9.45417189525994,6.92882525816125,4.57253655317506,6.87232865662918,8.82506696804562,,,,
Libya,672,"Consumer Price Index, All items, Percentage change, Previous year",PCPI_PC_CP_A_PT,Value,,15.5184815317562,6.05980392156861,2.60581802719517,,,,,,,,,,
Zambia,754,"Consumer Price Index, All items, Percentage change, Previous year",PCPI_PC_CP_A_PT,Value,,6.42939681072336,6.57589970757695,6.97767605490317,7.80687553566327,10.1105928909618,17.8697300795268,6.57731154205651,7.49457192728512,9.15031644316299,15.733060472137,22.0207676245775,10.9932039209137,
"Tanzania, United Rep. of",738,"Consumer Price Index, All items, Percentage change, Previous year",PCPI_PC_CP_A_PT,Value,,12.6909694699163,16.0010938506338,7.87072364573951,6.13161432988016,5.58816952959302,5.17476629301494,5.31871605228923,3.49445848856184,3.46428057999022,3.29029062798328,3.69091958802199,,
Guinea-Bissau,654,"Consumer Price Index, All items, Percentage change, Previous year",PCPI_PC_CP_A_PT,Value,,5.04610226320202,2.13054580274496,1.20712555668411,-1.50924460570501,1.47672048910486,1.5031205586109,1.69111461822294,0.381324702791035,0.246600268147858,1.14000939393217,2.24248879577662,,
Niger,692,"Consumer Price Index, All items, Percentage change, Previous year",PCPI_PC_CP_A_PT,Value,,2.94238514013316,0.455089820359278,2.29723114955316,-0.93028725998447,-0.576090369833069,1.65388922387802,2.79637318871281,2.96760366004453,-2.48979265070851,2.89819376026272,3.83786802840502,4.22621791916397,
Malawi,676,"Consumer Price Index, All items, Percentage change, Previous year",PCPI_PC_CP_A_PT,Value,,7.62282262848515,21.271265001378,27.2833333333333,23.7920649469687,21.8673475542553,21.7111132136499,11.543393918877,12.420178108921,9.3708360560567,8.62551469650553,,,
Uganda,746,"Consumer Price Index, All items, Percentage change, Previous year",PCPI_PC_CP_A_PT,Value,,16.5643496174515,12.6790377224659,4.90520875694554,3.07570668958642,5.58968606251724,5.70637504616215,5.20971705914218,2.61601190952265,2.86758803446908,3.31332289544495,2.20457204757414,7.19578885975806,
Chad,628,"Consumer Price Index, All items, Percentage change, Previous year",PCPI_PC_CP_A_PT,Value,,2.02924053678256,7.51662364663835,0.222671564624586,1.68197313925661,4.3771266506566,-0.792440525236027,-1.53709962980847,4.27462198610542,-0.971939175419343,4.46414437232863,-0.772844370359127,,
"Egypt, Arab Rep. of",469,"Consumer Price Index, All items, Percentage change, Previous year",PCPI_PC_CP_A_PT,Value,,10.0649259874818,7.11172943343078,9.46971981064919,10.0702154687482,10.370490343517,13.8136062148289,29.5066083940039,14.4014657807421,9.1527995932481,5.04493288977533,5.21404940513043,13.8956609775178,
Iraq,433,"Consumer Price Index, All items, Percentage change, Previous year",PCPI_PC_CP_A_PT,Value,,,,,,,0.556521397155524,0.184058898847641,0.367441488936809,-0.198965380023871,0.574162679425832,6.04186489058039,4.99476596381039,
Italy,136,"Consumer Price Index, All items, Percentage change, Previous year",PCPI_PC_CP_A_PT,Value,1.52551602118248,2.78063272879323,3.04136333226775,1.21999342274305,0.241047429826755,0.0387903996579644,-0.0940166569157232,1.22653316645807,1.13748763600395,0.611246943765295,-0.137707573916564,1.8737832576249,8.20128991161718,
"China, P.R.: Mainland",924,"Consumer Price Index, All items, Percentage change, Previous year",PCPI_PC_CP_A_PT,Value,3.17532475269199,5.55389892257491,2.61952432645544,2.62105001748116,1.9216416278852,1.43702380935654,2.00000182191943,1.59313600071433,2.07479039965578,2.89923416358227,2.41942189457779,0.981015135544859,1.97357555739059,
Trinidad and Tobago,369,"Consumer Price Index, All items, Percentage change, Previous year",PCPI_PC_CP_A_PT,Value,10.5492003179987,5.10713289264559,9.26028137068289,5.19981740465614,5.68441814595664,4.66121598098265,3.07066742464024,1.88038440183529,1.01856930188828,1.00054293027223,0.598986330824763,2.05922746915451,,
Belize,339,"Consumer Price Index, All items, Percentage change, Previous year",PCPI_PC_CP_A_PT,Value,,,1.30058074547858,0.509747768983195,1.20139964481061,-0.861584009427692,0.66342716791756,1.14765339305812,0.269982622646411,0.187069385181369,0.121434644614955,3.23563659237067,,
"Micronesia, Federated States of",868,"Consumer Price Index, All items, Percentage change, Previous year",PCPI_PC_CP_A_PT,Value,3.31370963136216,5.08259403890364,5.01850353045627,1.75232737350738,0.650284891768598,-0.298115837381087,-1.03746806405333,0.689027978925096,1.79400375972255,1.53907146098898,0.550898203592804,,,
"Aruba, Kingdom of the Netherlands",314,"Consumer Price Index, All items, Percentage change, Previous year",PCPI_PC_CP_A_PT,Value,2.07814071860783,4.31629742195208,0.627471992893336,-2.37206524252255,0.421440918881169,0.474763597342611,-0.931195987079601,-1.02828178762003,3.62604141352957,4.25746204335427,,,,
Dominica,321,"Consumer Price Index, All items, Percentage change, Previous year",PCPI_PC_CP_A_PT,Value,2.99936630549001,1.13123136526475,1.35677147808861,-0.0464116468806344,0.799250372687518,-0.843826984638293,0.141816225732292,0.29625288927956,0.989191119189821,1.50462353858144,-0.727116412668288,,,
Montserrat,351,"Consumer Price Index, All items, Percentage change, Previous year",PCPI_PC_CP_A_PT,Value,2.09360548002364,3.66777811458019,4.76575333464747,0.869276167658662,-0.381463608790654,-1.14678281906808,-0.245933582287325,1.19291879334612,1.31374996858059,-1.07094714731105,-1.89394502589684,1.66551197908793,,
Oman,449,"Consumer Price Index, All items, Percentage change, Previous year",PCPI_PC_CP_A_PT,Value,3.25657959078624,4.04218867116394,2.94773495257208,1.04552838755363,1.02234314452965,0.0652901330286423,1.10920805807028,1.59716060337179,0.881302104009525,0.133795057453184,-0.903874872278546,1.54663705583756,2.81184097477152,
Dominican Rep.,243,"Consumer Price Index, All items, Percentage change, Previous year",PCPI_PC_CP_A_PT,Value,6.32993220146144,5.79676809206527,3.69449707884785,4.830950967408,2.99864226125217,0.836746346724574,1.61416607245223,3.27955694678545,3.56443426013506,1.81060377042961,3.78103179915515,8.24300347981819,8.81109209279581,
"Fiji, Rep. of",819,"Consumer Price Index, All items, Percentage change, Previous year",PCPI_PC_CP_A_PT,Value,3.68901229670767,7.27811782708491,3.42337523401981,2.91354193603999,0.51930647457911,1.37488542621447,3.86322538221273,3.34757834757834,4.08147637644539,1.7731018246027,-2.5952432588737,0.155855722131497,,
Nicaragua,278,"Consumer Price Index, All items, Percentage change, Previous year",PCPI_PC_CP_A_PT,Value,5.45513425887415,8.08238798099111,7.19355053338952,7.135467852894,6.03596861798432,3.99737996694395,3.52317317628478,3.85067166284723,4.94723728039883,5.37628990844131,3.68181341625573,4.92841396948961,10.436542480004,
Paraguay,288,"Consumer Price Index, All items, Percentage change, Previous year",PCPI_PC_CP_A_PT,Value,4.65116279069768,8.25396825396826,3.67591897974493,2.6838573871859,5.02882767456758,3.12900274473925,4.08682280577241,3.60247741348941,3.97561015740692,2.7570972756279,1.76751592356687,4.78798310123612,9.76556667164401,
"Iran, Islamic Rep. of",429,"Consumer Price Index, All items, Percentage change, Previous year",PCPI_PC_CP_A_PT,Value,10.0893629287979,26.2933856738609,27.2568127242908,36.6030355191029,16.6065532357449,12.4846815611533,7.24542548952982,8.04492437660281,18.0141183371874,39.9073455697783,30.5941390387295,43.3890162681515,,
Albania,914,"Consumer Price Index, All items, Percentage change, Previous year",PCPI_PC_CP_A_PT,Value,3.62604695579816,3.42912324722165,2.03159268395295,1.93762080205228,1.62586504402607,1.89617402592369,1.27543168367418,1.98666133171192,2.02805963071136,1.41109078954248,1.62088661717006,2.04147163139546,6.72520271530062,
Algeria,612,"Consumer Price Index, All items, Percentage change, Previous year",PCPI_PC_CP_A_PT,Value,3.91106195534026,4.52421150505275,8.89145091062315,3.25423910998845,2.91692692067457,4.78444700693894,6.39769480268748,5.59111590961674,4.26999020467079,1.95176821052893,2.41513094083415,7.22606307415475,,
Antigua and Barbuda,311,"Consumer Price Index, All items, Percentage change, Previous year",PCPI_PC_CP_A_PT,Value,3.3700254022015,3.45674967234602,3.37688044338876,1.05949782356168,1.08944157435362,0.968993458825587,-0.489437796230518,2.43248789041367,1.20715793367003,1.43135598182989,0.625989707046707,2.0629963854533,,
St. Vincent and the Grenadines,364,"Consumer Price Index, All items, Percentage change, Previous year",PCPI_PC_CP_A_PT,Value,0.747109026311463,3.18603111552466,2.59844414147085,0.80512780426796,0.19385856079404,-1.7336119495395,-0.149641647633297,2.15333648840512,2.32414485367925,0.913069725324472,-0.62813130935466,1.57272932500565,,
"Congo, Rep. of",634,"Consumer Price Index, All items, Percentage change, Previous year",PCPI_PC_CP_A_PT,Value,0.391525011227662,1.75958704273802,5.01018773134464,4.63161619729462,0.912139545450187,3.16909796750826,3.19056179723775,0.450063823285556,1.15277896375522,2.20607305781518,1.79537147083111,1.71564275451265,,
Costa Rica,238,"Consumer Price Index, All items, Percentage change, Previous year",PCPI_PC_CP_A_PT,Value,5.66275708420024,4.87799830970699,4.4954531435461,5.23133614174425,4.51920098516958,0.801982005099577,-0.0174788505907998,1.62590692991729,2.22111461526585,2.09604635327805,0.724911478131365,1.72647755109234,8.27477490232662,
"Curaçao, Kingdom of the Netherlands",354,"Consumer Price Index, All items, Percentage change, Previous year",PCPI_PC_CP_A_PT,Value,2.77944261312558,2.33253152562139,3.18398746349455,1.33232086152147,1.49873969616457,-0.476542049801979,-0.0472079848934594,1.58558801700291,2.58368756641871,2.62220783425054,,,,
Ecuador,248,"Consumer Price Index, All items, Percentage change, Previous year",PCPI_PC_CP_A_PT,Value,3.55437734567846,4.47453265795837,5.1017218095867,2.72177577710364,3.58922016616669,3.96664623255354,1.72826463324536,0.417335588666797,-0.224103246005443,0.266012515466129,-0.338872392562276,0.133251386096445,3.46616972213079,
"Kosovo, Rep. of",967,"Consumer Price Index, All items, Percentage change, Previous year",PCPI_PC_CP_A_PT,Value,3.48050763735849,7.33641771315265,2.47673782156539,1.76732428354889,0.428957808324101,-0.53692939274065,0.273169431045503,1.48823430592311,1.05379773654997,2.67599202639893,0.198227922994842,3.3536913920799,,
Tunisia,744,"Consumer Price Index, All items, Percentage change, Previous year",PCPI_PC_CP_A_PT,Value,3.33897963601065,3.24002842009523,4.61184432206645,5.31623531326693,4.62555099534024,4.43737127321501,3.62939937384382,5.30884839565842,7.30759176031649,6.72007532863804,5.63415115897623,5.70635020830701,,
Martinique,349,"Consumer Price Index, All items, Percentage change, Previous year",PCPI_PC_CP_A_PT,Value,1.62149995498333,2.55778720840607,1.48067520171391,1.2377417597385,0.762659132569828,0.139360610182505,-0.245000000000005,0.563046129684394,,,,,,
Lao People's Dem. Rep.,544,"Consumer Price Index, All items, Percentage change, Previous year",PCPI_PC_CP_A_PT,Value,5.98254521550086,7.56898856109972,4.25512677832096,6.37142717782939,4.12924306873776,1.27735427102984,1.59691227583205,0.825478607568146,2.04039266890196,3.32255881256934,5.10407262959904,3.75562036658904,,
Jamaica,343,"Consumer Price Index, All items, Percentage change, Previous year",PCPI_PC_CP_A_PT,Value,12.6105519975602,7.55585646580907,6.87397708674304,9.34150076569681,8.27407886231414,3.69154228855722,2.35102197485846,4.3783986499156,3.73663882152162,3.90510000865875,5.22677779293517,5.86278242801063,10.3495688391272,
Malta,181,"Consumer Price Index, All items, Percentage change, Previous year",PCPI_PC_CP_A_PT,Value,1.51563513618532,2.96298528192877,2.37582057760382,1.18028436366549,0.31030647218174,1.10054826378929,0.642702771527281,1.36435448150709,1.15782362451513,1.64206001768945,0.638544956776676,1.49789217934734,,
Samoa,862,"Consumer Price Index, All items, Percentage change, Previous year",PCPI_PC_CP_A_PT,Value,0.777007268777678,5.23541591478428,2.04901883521159,0.610085720905018,-0.406816088424869,0.724470134874821,1.30471869303167,1.74989677484724,4.19745888663744,0.982326569888141,-1.568912477409,3.13320473174489,,
"Madagascar, Rep. of",674,"Consumer Price Index, All items, Percentage change, Previous year",PCPI_PC_CP_A_PT,Value,9.24732173644115,9.48254048582996,5.71384434191049,5.8264294445199,6.08040811088294,7.40419174202128,6.0357585815468,8.60905075422952,8.59422958870472,5.61051441492368,4.20179312190553,5.81225118787724,,
Uruguay,298,"Consumer Price Index, All items, Percentage change, Previous year",PCPI_PC_CP_A_PT,Value,6.69870886978135,8.09283206302988,8.09776580573601,8.57513504005395,8.87735333229827,8.66626987079336,9.63941347635076,6.21809382561861,7.60653360377043,7.88198870879622,9.75640636078195,7.7479140231476,9.10437983075441,
"Afghanistan, Islamic Rep. of",512,"Consumer Price Index, All items, Percentage change, Previous year",PCPI_PC_CP_A_PT,Value,2.17853752389421,11.8041858089129,6.4412128093412,7.38577178397856,4.67399603536338,-0.661709164713694,4.38389195513914,4.97595150553831,0.62614914916882,2.30237251516845,,,,
Guatemala,258,"Consumer Price Index, All items, Percentage change, Previous year",PCPI_PC_CP_A_PT,Value,3.85950909833169,6.21412393067092,3.78180754679686,4.34337131279514,3.41836169662963,2.38872032839551,4.44844199942825,4.42453655182542,3.75186186704512,3.69998398008601,3.21444062197346,4.26105127422819,,
Guyana,336,"Consumer Price Index, All items, Percentage change, Previous year",PCPI_PC_CP_A_PT,Value,3.73337757704245,4.97773563706972,2.39193521312327,1.90125181860585,0.852630497539924,-1.00173432776378,0.836008061506311,1.90465615515582,1.28284288443518,2.08723089162019,0.993337022838761,5.03285574626696,,
El Salvador,253,"Consumer Price Index, All items, Percentage change, Previous year",PCPI_PC_CP_A_PT,Value,1.17933576873675,5.12892376681615,1.72973481581381,0.7576691845229,1.14134467538232,-0.731384487387985,0.604049086996685,1.01235403315571,1.09033000581899,0.0753241350024172,-0.371590212323999,3.4669258531308,7.19809721667812,
United Arab Emirates,466,"Consumer Price Index, All items, Percentage change, Previous year",PCPI_PC_CP_A_PT,Value,0.877983288285886,0.877346595685074,0.662268900269093,1.10111836375706,2.34626865671642,4.06996608361598,1.61748808904192,1.96682557818839,3.06863379251993,-1.9310811478217,-2.07940317940939,,,
"Eswatini, Kingdom of",734,"Consumer Price Index, All items, Percentage change, Previous year",PCPI_PC_CP_A_PT,Value,4.50923691774372,6.10742714590245,8.9396468278821,5.6213062346895,5.68134885776449,4.95124493704916,7.84727459085682,6.22137528933116,4.81506167461506,2.59801620311074,,,,
Malaysia,548,"Consumer Price Index, All items, Percentage change, Previous year",PCPI_PC_CP_A_PT,Value,1.62285235577032,3.17447092151308,1.66357102479204,2.10501231233615,3.14299050879107,2.10438980238344,2.09056659525744,3.87120115774241,0.884709160571233,0.662891865764395,-1.13870215393057,2.47710241465445,3.37869862549936,
India,534,"Consumer Price Index, All items, Percentage change, Previous year",PCPI_PC_CP_A_PT,Value,11.9893899204244,8.9117933648337,9.47899691419794,10.0178784746103,6.66565671867898,4.90697344127254,4.94821634062141,3.32817337461301,3.93882646691635,3.72950573539128,6.62343677628532,5.13140747176368,,
"Croatia, Rep. of",960,"Consumer Price Index, All items, Percentage change, Previous year",PCPI_PC_CP_A_PT,Value,1.03055505333573,2.27272727272728,3.41207349081365,2.21658206429779,-0.215196159576217,-0.464499004644992,-1.125,1.12937210282342,1.50012501041755,0.771820346498069,0.154811374562031,2.55450699642046,10.7805806758686,
St. Kitts and Nevis,361,"Consumer Price Index, All items, Percentage change, Previous year",PCPI_PC_CP_A_PT,Value,0.850878649795939,5.83516519570853,0.816089281562412,1.10698554000139,0.247865392364816,-2.30187563045605,-0.687037123294049,0.694916711613494,-1.03712214131566,-0.329562063663887,-1.16724501769362,1.19568887038395,,
Argentina,213,"Consumer Price Index, All items, Percentage change, Previous year",PCPI_PC_CP_A_PT,Value,,,,,,,,,34.2772237131004,53.5483043492339,42.0150947376509,48.4093786255198,72.4307575318241,
Cyprus,423,"Consumer Price Index, All items, Percentage change, Previous year",PCPI_PC_CP_A_PT,Value,2.43004084102252,3.28944939564213,2.38905410042319,-0.399357676464411,-1.35498885446312,-2.09699769053119,-1.42916666666669,0.531766496174515,1.43549119531762,0.25037099675844,-0.638422797978891,2.44608867175471,,
Morocco,686,"Consumer Price Index, All items, Percentage change, Previous year",PCPI_PC_CP_A_PT,Value,0.99355740122642,0.906924909691798,1.28712240079214,1.88065466724084,0.442310053557071,1.55790711346266,1.63531114327064,0.754663249323626,1.8039167114189,0.303386036590363,0.705968661338306,1.40195883962011,,
Vanuatu,846,"Consumer Price Index, All items, Percentage change, Previous year",PCPI_PC_CP_A_PT,Value,2.76269469477351,0.873793104781056,1.34740362877659,1.45893371757928,0.798863838096909,2.48326875660446,0.842069084035034,3.08452624403547,2.33096379566869,2.76252019386107,5.32935073101713,2.34328358208956,,
"São Tomé and Príncipe, Dem. Rep. of",716,"Consumer Price Index, All items, Percentage change, Previous year",PCPI_PC_CP_A_PT,Value,,14.3271667616801,10.6379353431629,8.10583270875469,6.99849943966418,5.25017086354882,5.43271095818787,5.69508878579428,7.85706431333532,,,,,
Suriname,366,"Consumer Price Index, All items, Percentage change, Previous year",PCPI_PC_CP_A_PT,Value,6.94108221639998,17.7117796414557,5.0068631936728,1.9234360410831,3.3834127274948,6.89390359168241,55.4123879763194,21.9969430173304,,,34.889784309078,59.1196626251977,52.446027276241,
Haiti,263,"Consumer Price Index, All items, Percentage change, Previous year",PCPI_PC_CP_A_PT,Value,4.82734190074673,6.33279483849046,5.0180415542924,4.76502404779139,3.43816659958603,6.73184069658999,11.5029073942667,10.6800887242583,12.4814111170435,18.7037825672506,22.7963113642528,16.8415240198785,,
Nigeria,694,"Consumer Price Index, All items, Percentage change, Previous year",PCPI_PC_CP_A_PT,Value,13.7400521363694,10.8261371880017,12.2242413020584,8.49551838265668,8.0474108796791,9.00943498007705,15.6968126387972,16.5022662139641,12.0951065173432,11.3964223378115,13.2460234276597,16.9528457221608,,
Bosnia and Herzegovina,963,"Consumer Price Index, All items, Percentage change, Previous year",PCPI_PC_CP_A_PT,Value,1.99621236745889,3.67125,2.05267452001719,-0.0930456838318268,-0.897194054194287,-1.03602303425476,-1.58409999999998,0.810133321953051,1.41710814018027,0.562782154061295,-1.05129600763482,1.98163900587617,,
Vietnam,582,"Consumer Price Index, All items, Percentage change, Previous year",PCPI_PC_CP_A_PT,Value,9.20746648778419,18.6777322770706,9.09470339557195,6.59267475899191,4.08455446637621,0.631200905175724,2.66824816969082,3.52025688811619,3.53962805942641,2.79582367452244,3.22093436652514,1.83471554810461,3.15650749963113,
Georgia,915,"Consumer Price Index, All items, Percentage change, Previous year",PCPI_PC_CP_A_PT,Value,7.11017897486098,8.54293333333334,-0.943658853270966,-0.512058410947118,3.06881210379542,4.00357820695097,2.13492713939125,6.03531725272116,2.61524471397666,4.85289821696731,5.2024648897533,9.56691433824767,11.8981654203198,
Guinea,656,"Consumer Price Index, All items, Percentage change, Previous year",PCPI_PC_CP_A_PT,Value,15.0502688559001,21.3169268542577,15.2262941038638,11.8875884481827,6.15050556706418,11.7800825029834,8.17268112275131,8.91435947913096,9.82761701259192,9.4700103925301,10.6016203387166,12.5972882566935,,
"Gambia, The",648,"Consumer Price Index, All items, Percentage change, Previous year",PCPI_PC_CP_A_PT,Value,5.04968075857405,4.79588266183109,4.25432199813899,5.69912989637381,5.94799935696622,6.80845494579613,7.22879272057923,8.03418974545909,6.52096823946572,7.1156762563119,5.93127636562439,7.37034758876617,11.5131198380507,
Pakistan,564,"Consumer Price Index, All items, Percentage change, Previous year",PCPI_PC_CP_A_PT,Value,12.938870563489,11.9160927116277,9.68235186055682,7.69215611899569,7.18938402847026,2.52932817254226,3.76511916356583,4.08537368032604,5.07805725868919,10.5783618004555,9.73999313898131,9.49621056124979,19.8738599646653,
Benin,638,"Consumer Price Index, All items, Percentage change, Previous year",PCPI_PC_CP_A_PT,Value,2.20783532536522,2.70423907747279,6.74468253340714,0.428888888888884,-0.548757550948155,0.218785923536174,-0.794050173906719,1.76941247391974,0.644803622440777,-0.705026634542731,3.02272119663754,1.73353962694034,,
"Azerbaijan, Rep. of",912,"Consumer Price Index, All items, Percentage change, Previous year",PCPI_PC_CP_A_PT,Value,5.72687224669606,7.85833333333332,1.06621339720313,2.41571745279412,1.37344181533179,4.02768573742728,12.4433748584372,12.9359184187335,2.26854690374005,2.61057182799216,2.75980947008126,6.65029912708779,13.8522590144267,
"Armenia, Rep. of",911,"Consumer Price Index, All items, Percentage change, Previous year",PCPI_PC_CP_A_PT,Value,,7.65000807859291,2.55802007757907,5.78966778544654,2.98130868933672,3.73169119261695,-1.40360755900906,0.96955326881622,2.52023382001631,1.44344660770703,1.21143577838466,7.1848362944337,8.64091108973846,
Montenegro,943,"Consumer Price Index, All items, Percentage change, Previous year",PCPI_PC_CP_A_PT,Value,,3.45014311248694,4.14524724981108,2.20589268141181,-0.71051405171021,1.54869158222489,-0.271385023385278,2.38023599053136,2.61122378263797,0.361563704540799,-0.255655699848548,2.41080198403166,13.0403036347004,
Kyrgyz Rep.,917,"Consumer Price Index, All items, Percentage change, Previous year",PCPI_PC_CP_A_PT,Value,7.96772225579691,16.6363262731496,2.76844236540949,6.61375202358085,7.53424729775882,6.50331838993382,0.388838296895871,3.17530986379942,1.54266145238431,1.13362257718799,6.32542296338083,11.9050398185147,,
"Belarus, Rep. of",913,"Consumer Price Index, All items, Percentage change, Previous year",PCPI_PC_CP_A_PT,Value,7.73574804312507,53.2286983118173,59.2197360232519,18.3122610377873,18.1195543526734,13.5344897649734,11.8365807653497,6.03183725177791,4.87230220550688,5.59815595039851,5.54814357456511,9.46028389623104,15.2096752740809,
Namibia,728,"Consumer Price Index, All items, Percentage change, Previous year",PCPI_PC_CP_A_PT,Value,4.87491987643953,5.00559518081198,6.72199777334885,5.60092502290408,5.35016966859593,3.3940153841056,6.72858234593345,6.14579981111161,4.29159105337874,3.72239414422688,2.20938236933476,3.6169053010881,6.08128114112415,
Anguilla,312,"Consumer Price Index, All items, Percentage change, Previous year",PCPI_PC_CP_A_PT,Value,2.10392822884252,4.72419510505083,1.40838413913702,0.146805238383743,-0.253624031458695,-0.97275356909582,-0.521837412546221,1.29417948621989,0.376379278099872,0.815147774646575,-0.473583292905494,1.79657397521007,,
Thailand,578,"Consumer Price Index, All items, Percentage change, Previous year",PCPI_PC_CP_A_PT,Value,,3.80879058139633,3.0148995033499,2.18488618530683,1.89514181898782,-0.900424963291542,0.188149704448176,0.665631893135067,1.06389754183021,0.706728601314284,-0.845937147357036,1.23039541318383,6.0774122843432,
Romania,968,"Consumer Price Index, All items, Percentage change, Previous year",PCPI_PC_CP_A_PT,Value,6.09141668601893,5.78925328815883,3.33492267693441,3.98471235548128,1.06830987684293,-0.594156437495132,-1.54479666813903,1.33902121104396,4.6254844313778,3.82785432599429,2.63107311184751,5.05232876096582,,
"Poland, Rep. of",964,"Consumer Price Index, All items, Percentage change, Previous year",PCPI_PC_CP_A_PT,Value,2.58069370250546,4.23940149625935,3.56037151702787,0.991982606332372,0.05382131324004,-0.874125874125859,-0.664767331434006,2.07593553673861,1.81295156542681,2.22747880938301,3.37446972618589,5.05502704719269,14.4294507575758,
"Moldova, Rep. of",921,"Consumer Price Index, All items, Percentage change, Previous year",PCPI_PC_CP_A_PT,Value,7.48385086350852,7.68725103356185,4.54633427355303,4.59787897363127,5.08878554625882,9.67624033101863,6.35930898037934,6.57022997455605,3.04505397337069,4.83778351428727,3.76597122245353,5.10641129002836,,
"Nauru, Rep. of",836,"Consumer Price Index, All items, Percentage change, Previous year",PCPI_PC_CP_A_PT,Value,,0.300300300300297,-0.124750499001996,,,,,,,,,,,
Tuvalu,869,"Consumer Price Index, All items, Percentage change, Previous year",PCPI_PC_CP_A_PT,Value,,0.500580743152681,,,,,,,,,,,,
Angola,614,"Consumer Price Index, All items, Percentage change, Previous year",PCPI_PC_CP_A_PT,Value,14.4696564932576,13.4824679218511,10.277904921884,8.77781429332618,7.28038730361123,9.35383972513757,30.6989578589225,29.8425777887099,19.630594364196,17.0797044074954,22.2715643068877,25.7542656453085,,
"Tajikistan, Rep. of",923,"Consumer Price Index, All items, Percentage change, Previous year",PCPI_PC_CP_A_PT,Value,6.44531440780655,12.4315490430408,5.83116601031449,5.00964645344951,6.10442765129666,5.71455949649708,6.00458082322155,,,,,,,
Austria,122,"Consumer Price Index, All items, Percentage change, Previous year",PCPI_PC_CP_A_PT,Value,1.81353438995065,3.28657914875376,2.48567562177015,2.00015616900602,1.60581182954473,0.896563335260312,0.891591752655323,2.08126911385588,1.99837981429546,1.53089564152645,1.38191063351859,2.76666666666665,8.54686993188453,
Maldives,556,"Consumer Price Index, All items, Percentage change, Previous year",PCPI_PC_CP_A_PT,Value,6.14988536750176,11.2734146055937,10.8846956585631,3.80563000919428,2.12000175718132,0.953206658777649,0.502509413611587,2.81747338234508,-0.133373386117551,0.220029731065362,-1.36977425569811,0.543149688736986,,
Central African Rep.,626,"Consumer Price Index, All items, Percentage change, Previous year",PCPI_PC_CP_A_PT,Value,1.49102370047805,1.19447572449847,5.47829594346121,6.98879341970197,14.8986841797549,1.40297017136817,4.94543276106514,4.18072331871273,1.61215686991554,2.68537355266785,1.71015659523148,4.25936417542871,,
"Kazakhstan, Rep. of",916,"Consumer Price Index, All items, Percentage change, Previous year",PCPI_PC_CP_A_PT,Value,7.40046356742115,8.42488761919795,5.09791484975818,5.84640917320459,6.70657829092725,6.66577611541545,14.5460237946149,7.44000437325752,6.01913096570673,5.24547679608391,6.77154582763339,8.04232062780268,,
Sudan,732,"Consumer Price Index, All items, Percentage change, Previous year",PCPI_PC_CP_A_PT,Value,12.9776663898014,18.0966171221351,35.5590574147027,36.5223449139153,36.9066427863594,16.9095706050979,17.7502538311959,32.3516260968437,63.2925073455883,50.9940515002971,150.322723865569,382.815998259943,,
Cambodia,522,"Consumer Price Index, All items, Percentage change, Previous year",PCPI_PC_CP_A_PT,Value,3.99639528107211,5.47844749617449,2.93431609293959,2.94162509547351,3.85568861424195,1.22393195511126,3.01913975139128,2.9126355737148,2.45908515380134,1.94257500833108,2.94029514263973,2.9207347759295,5.34370264895435,
Ghana,652,"Consumer Price Index, All items, Percentage change, Previous year",PCPI_PC_CP_A_PT,Value,10.7333898354914,8.72845937093029,11.1863409441066,11.6661923071728,15.4896160333319,17.1499695007877,17.4546347070868,12.3719215507048,7.80876516610709,7.14364003330856,9.88728956269941,9.97108867504441,,
"Ethiopia, The Federal Dem. Rep. of",644,"Consumer Price Index, All items, Percentage change, Previous year",PCPI_PC_CP_A_PT,Value,8.14926402965081,33.2499598823345,23.600417677317,7.4640219294452,6.89001951597191,9.56889955968619,6.62813337230928,10.6871150284238,13.8330356586661,15.8096321719345,20.3563468559061,26.8395221557722,,
"Uzbekistan, Rep. of",927,"Consumer Price Index, All items, Percentage change, Previous year",PCPI_PC_CP_A_PT,Value,,13.7797446476602,13.2088026688373,11.8414333622049,9.28309356162692,8.75188196737502,8.13088669523599,13.8757425441635,17.5241796514055,14.5257359560686,12.8677297362606,10.8492397508122,,
Somalia,726,"Consumer Price Index, All items, Percentage change, Previous year",PCPI_PC_CP_A_PT,Value,,,,,,,0.0239337202734703,3.95659336238827,4.26595080657614,4.70855658916423,4.1131298184363,4.62490038851333,6.77927623349949,
